-- phpMyAdmin SQL Dump
-- version 5.2.0
-- https://www.phpmyadmin.net/
--
-- Host: localhost:3306
-- Generation Time: Jun 11, 2024 at 07:28 AM
-- Server version: 8.0.30
-- PHP Version: 8.1.10

SET SQL_MODE = "NO_AUTO_VALUE_ON_ZERO";
START TRANSACTION;
SET time_zone = "+00:00";


/*!40101 SET @OLD_CHARACTER_SET_CLIENT=@@CHARACTER_SET_CLIENT */;
/*!40101 SET @OLD_CHARACTER_SET_RESULTS=@@CHARACTER_SET_RESULTS */;
/*!40101 SET @OLD_COLLATION_CONNECTION=@@COLLATION_CONNECTION */;
/*!40101 SET NAMES utf8mb4 */;

--
-- Database: `php_oop`
--

-- --------------------------------------------------------

--
-- Table structure for table `categories`
--

CREATE TABLE `categories` (
  `id` int NOT NULL,
  `name` varchar(50) NOT NULL
) ENGINE=InnoDB DEFAULT CHARSET=utf8mb4 COLLATE=utf8mb4_0900_ai_ci;

--
-- Dumping data for table `categories`
--

INSERT INTO `categories` (`id`, `name`) VALUES
(2, 'Công nghệ'),
(6, 'Đời sống'),
(5, 'Giải trí'),
(1, 'Kinh doanh'),
(4, 'Sức khỏe');

-- --------------------------------------------------------

--
-- Table structure for table `products`
--

CREATE TABLE `products` (
  `id` int NOT NULL,
  `category_id` int NOT NULL,
  `name` varchar(255) NOT NULL,
  `img_thumbnail` varchar(255) DEFAULT NULL,
  `overview` varchar(255) DEFAULT NULL,
  `content` text,
  `created_at` timestamp NULL DEFAULT CURRENT_TIMESTAMP,
  `updated_at` timestamp NULL DEFAULT CURRENT_TIMESTAMP,
  `view` int NOT NULL
) ENGINE=InnoDB DEFAULT CHARSET=utf8mb4 COLLATE=utf8mb4_0900_ai_ci;

--
-- Dumping data for table `products`
--

INSERT INTO `products` (`id`, `category_id`, `name`, `img_thumbnail`, `overview`, `content`, `created_at`, `updated_at`, `view`) VALUES
(1, 1, 'Xiaomi K30', 'assets/img/phone.jpg', 'Lorem ipsum dolor sit amet, consectetur adipiscing elit, sed do eiusmod tempor incididunt ut labore et dolore magna aliqua. Ut enim ad minim veniam, quis nostrud exercitation ullamco laboris nisi ut aliquip ex ea commodo consequat.', '<div class=\"gr\">\n    <figure class=\"g12-xs g3-md page-section__image\">\n      <img src=\"https://loremipsum.io/assets/images/lorem-ipsum-magazine-layout.jpg\" alt=\"Lorem ipsum used in a magazine layout\">\n      <figcaption>\n        <div class=\"page-section__squiggle\">\n          <div class=\"page-section__squiggle-one\"></div>\n          <div class=\"page-section__squiggle-two\"></div>\n        </div>\n        <h4 class=\"f5 cl-gray-1 page-section__caption\">Magazine layout with lorem ipsum</h4>\n      </figcaption>\n    </figure>\n    <div class=\"g12-xs g9-md g6-xl page-section__block\">\n      <h3 class=\"f5 cl-orange mb16\">History, Purpose and Usage</h3>\n      <p class=\"f4 cl-white mt0 mb16\"><em>Lorem ipsum</em>, or <em>lipsum</em> as it is sometimes known, is dummy text used in laying out print, graphic or web designs. The passage is attributed to an unknown typesetter in the 15th century who is thought to have scrambled parts of Cicero\'s <em>De Finibus Bonorum et Malorum</em> for use in a type specimen book. It usually begins with:\n</p>\n      <blockquote class=\"page-section__blockquote\">“Lorem ipsum dolor sit amet, consectetur adipiscing elit, sed do eiusmod tempor incididunt ut labore et dolore magna aliqua.”</blockquote>\n      <p class=\"f4 cl-white mv16\">The purpose of <em>lorem ipsum</em> is to create a natural looking block of text (sentence, paragraph, page, etc.) that doesn\'t distract from the layout. A practice not without <a href=\"#controversy\" title=\"Controversy in the Design World\">controversy</a>, laying out pages with meaningless filler text can be very useful when the focus is meant to be on design, not content.\n</p>\n      <p class=\"f4 cl-white mv16\">The passage experienced a surge in popularity during the 1960s when Letraset used it on their dry-transfer sheets, and again during the 90s as desktop publishers bundled the text with their software. Today it\'s seen all around the web; on templates, websites, and stock designs. Use our <a href=\"#generator\" title=\"Lorem Ipsum Generator\">generator</a> to get your own, or read on for the authoritative history of <em>lorem ipsum</em>.\n</p>\n    </div>\n    <div class=\"g12-xs g3-xl page-display s-half-page\">\n      <div class=\"page-display__block\">\n\n        <div align=\"center\" data-freestar-ad=\"__300x600\" id=\"loremipsum_siderail_right_2\" name=\"loremipsum_siderail_right_2\" data-google-query-id=\"\">\n          <script data-cfasync=\"false\" type=\"text/javascript\">\n            freestar.config.enabled_slots.push({ placementName: \"loremipsum_siderail_right_2\", slotId: \"loremipsum_siderail_right_2\" });\n          </script>\n        <div id=\"google_ads_iframe_/15184186,22580084566/loremipsum_siderail_right_2_0__container__\" style=\"border: 0pt none; width: 300px; height: 0px;\"></div></div>\n      </div>\n    </div>\n  </div>', '2024-05-31 02:41:03', '2024-05-31 02:41:03', 500),
(2, 1, 'Xiaomi K54', 'assets/img/phone.jpg', 'Lorem ipsum dolor sit amet, consectetur adipiscing elit, sed do eiusmod tempor incididunt ut labore et dolore magna aliqua. Ut enim ad minim veniam, quis nostrud exercitation ullamco laboris nisi ut aliquip ex ea commodo consequat.', '<div class=\"gr\">\n    <figure class=\"g12-xs g3-md page-section__image\">\n      <img src=\"https://loremipsum.io/assets/images/lorem-ipsum-magazine-layout.jpg\" alt=\"Lorem ipsum used in a magazine layout\">\n      <figcaption>\n        <div class=\"page-section__squiggle\">\n          <div class=\"page-section__squiggle-one\"></div>\n          <div class=\"page-section__squiggle-two\"></div>\n        </div>\n        <h4 class=\"f5 cl-gray-1 page-section__caption\">Magazine layout with lorem ipsum</h4>\n      </figcaption>\n    </figure>\n    <div class=\"g12-xs g9-md g6-xl page-section__block\">\n      <h3 class=\"f5 cl-orange mb16\">History, Purpose and Usage</h3>\n      <p class=\"f4 cl-white mt0 mb16\"><em>Lorem ipsum</em>, or <em>lipsum</em> as it is sometimes known, is dummy text used in laying out print, graphic or web designs. The passage is attributed to an unknown typesetter in the 15th century who is thought to have scrambled parts of Cicero\'s <em>De Finibus Bonorum et Malorum</em> for use in a type specimen book. It usually begins with:\n</p>\n      <blockquote class=\"page-section__blockquote\">“Lorem ipsum dolor sit amet, consectetur adipiscing elit, sed do eiusmod tempor incididunt ut labore et dolore magna aliqua.”</blockquote>\n      <p class=\"f4 cl-white mv16\">The purpose of <em>lorem ipsum</em> is to create a natural looking block of text (sentence, paragraph, page, etc.) that doesn\'t distract from the layout. A practice not without <a href=\"#controversy\" title=\"Controversy in the Design World\">controversy</a>, laying out pages with meaningless filler text can be very useful when the focus is meant to be on design, not content.\n</p>\n      <p class=\"f4 cl-white mv16\">The passage experienced a surge in popularity during the 1960s when Letraset used it on their dry-transfer sheets, and again during the 90s as desktop publishers bundled the text with their software. Today it\'s seen all around the web; on templates, websites, and stock designs. Use our <a href=\"#generator\" title=\"Lorem Ipsum Generator\">generator</a> to get your own, or read on for the authoritative history of <em>lorem ipsum</em>.\n</p>\n    </div>\n    <div class=\"g12-xs g3-xl page-display s-half-page\">\n      <div class=\"page-display__block\">\n\n        <div align=\"center\" data-freestar-ad=\"__300x600\" id=\"loremipsum_siderail_right_2\" name=\"loremipsum_siderail_right_2\" data-google-query-id=\"\">\n          <script data-cfasync=\"false\" type=\"text/javascript\">\n            freestar.config.enabled_slots.push({ placementName: \"loremipsum_siderail_right_2\", slotId: \"loremipsum_siderail_right_2\" });\n          </script>\n        <div id=\"google_ads_iframe_/15184186,22580084566/loremipsum_siderail_right_2_0__container__\" style=\"border: 0pt none; width: 300px; height: 0px;\"></div></div>\n      </div>\n    </div>\n  </div>', '2024-05-31 02:43:48', '2024-05-31 02:43:48', 300),
(3, 1, 'Xiaomi 8PRO', 'assets/img/phone.jpg', 'Lorem ipsum dolor sit amet, consectetur adipiscing elit, sed do eiusmod tempor incididunt ut labore et dolore magna aliqua. Ut enim ad minim veniam, quis nostrud exercitation ullamco laboris nisi ut aliquip ex ea commodo consequat.', '<div class=\"gr\">\n    <figure class=\"g12-xs g3-md page-section__image\">\n      <img src=\"https://loremipsum.io/assets/images/lorem-ipsum-magazine-layout.jpg\" alt=\"Lorem ipsum used in a magazine layout\">\n      <figcaption>\n        <div class=\"page-section__squiggle\">\n          <div class=\"page-section__squiggle-one\"></div>\n          <div class=\"page-section__squiggle-two\"></div>\n        </div>\n        <h4 class=\"f5 cl-gray-1 page-section__caption\">Magazine layout with lorem ipsum</h4>\n      </figcaption>\n    </figure>\n    <div class=\"g12-xs g9-md g6-xl page-section__block\">\n      <h3 class=\"f5 cl-orange mb16\">History, Purpose and Usage</h3>\n      <p class=\"f4 cl-white mt0 mb16\"><em>Lorem ipsum</em>, or <em>lipsum</em> as it is sometimes known, is dummy text used in laying out print, graphic or web designs. The passage is attributed to an unknown typesetter in the 15th century who is thought to have scrambled parts of Cicero\'s <em>De Finibus Bonorum et Malorum</em> for use in a type specimen book. It usually begins with:\n</p>\n      <blockquote class=\"page-section__blockquote\">“Lorem ipsum dolor sit amet, consectetur adipiscing elit, sed do eiusmod tempor incididunt ut labore et dolore magna aliqua.”</blockquote>\n      <p class=\"f4 cl-white mv16\">The purpose of <em>lorem ipsum</em> is to create a natural looking block of text (sentence, paragraph, page, etc.) that doesn\'t distract from the layout. A practice not without <a href=\"#controversy\" title=\"Controversy in the Design World\">controversy</a>, laying out pages with meaningless filler text can be very useful when the focus is meant to be on design, not content.\n</p>\n      <p class=\"f4 cl-white mv16\">The passage experienced a surge in popularity during the 1960s when Letraset used it on their dry-transfer sheets, and again during the 90s as desktop publishers bundled the text with their software. Today it\'s seen all around the web; on templates, websites, and stock designs. Use our <a href=\"#generator\" title=\"Lorem Ipsum Generator\">generator</a> to get your own, or read on for the authoritative history of <em>lorem ipsum</em>.\n</p>\n    </div>\n    <div class=\"g12-xs g3-xl page-display s-half-page\">\n      <div class=\"page-display__block\">\n\n        <div align=\"center\" data-freestar-ad=\"__300x600\" id=\"loremipsum_siderail_right_2\" name=\"loremipsum_siderail_right_2\" data-google-query-id=\"\">\n          <script data-cfasync=\"false\" type=\"text/javascript\">\n            freestar.config.enabled_slots.push({ placementName: \"loremipsum_siderail_right_2\", slotId: \"loremipsum_siderail_right_2\" });\n          </script>\n        <div id=\"google_ads_iframe_/15184186,22580084566/loremipsum_siderail_right_2_0__container__\" style=\"border: 0pt none; width: 300px; height: 0px;\"></div></div>\n      </div>\n    </div>\n  </div>', '2024-05-31 02:43:48', '2024-05-31 02:43:48', 400),
(4, 2, 'ASUS OFFICE O35', 'assets/img/laptop.jpg', 'Lorem ipsum dolor sit amet, consectetur adipiscing elit, sed do eiusmod tempor incididunt ut labore et dolore magna aliqua. Ut enim ad minim veniam, quis nostrud exercitation ullamco laboris nisi ut aliquip ex ea commodo consequat.', '<div class=\"gr\">\n    <figure class=\"g12-xs g3-md page-section__image\">\n      <img src=\"https://loremipsum.io/assets/images/lorem-ipsum-magazine-layout.jpg\" alt=\"Lorem ipsum used in a magazine layout\">\n      <figcaption>\n        <div class=\"page-section__squiggle\">\n          <div class=\"page-section__squiggle-one\"></div>\n          <div class=\"page-section__squiggle-two\"></div>\n        </div>\n        <h4 class=\"f5 cl-gray-1 page-section__caption\">Magazine layout with lorem ipsum</h4>\n      </figcaption>\n    </figure>\n    <div class=\"g12-xs g9-md g6-xl page-section__block\">\n      <h3 class=\"f5 cl-orange mb16\">History, Purpose and Usage</h3>\n      <p class=\"f4 cl-white mt0 mb16\"><em>Lorem ipsum</em>, or <em>lipsum</em> as it is sometimes known, is dummy text used in laying out print, graphic or web designs. The passage is attributed to an unknown typesetter in the 15th century who is thought to have scrambled parts of Cicero\'s <em>De Finibus Bonorum et Malorum</em> for use in a type specimen book. It usually begins with:\n</p>\n      <blockquote class=\"page-section__blockquote\">“Lorem ipsum dolor sit amet, consectetur adipiscing elit, sed do eiusmod tempor incididunt ut labore et dolore magna aliqua.”</blockquote>\n      <p class=\"f4 cl-white mv16\">The purpose of <em>lorem ipsum</em> is to create a natural looking block of text (sentence, paragraph, page, etc.) that doesn\'t distract from the layout. A practice not without <a href=\"#controversy\" title=\"Controversy in the Design World\">controversy</a>, laying out pages with meaningless filler text can be very useful when the focus is meant to be on design, not content.\n</p>\n      <p class=\"f4 cl-white mv16\">The passage experienced a surge in popularity during the 1960s when Letraset used it on their dry-transfer sheets, and again during the 90s as desktop publishers bundled the text with their software. Today it\'s seen all around the web; on templates, websites, and stock designs. Use our <a href=\"#generator\" title=\"Lorem Ipsum Generator\">generator</a> to get your own, or read on for the authoritative history of <em>lorem ipsum</em>.\n</p>\n    </div>\n    <div class=\"g12-xs g3-xl page-display s-half-page\">\n      <div class=\"page-display__block\">\n\n        <div align=\"center\" data-freestar-ad=\"__300x600\" id=\"loremipsum_siderail_right_2\" name=\"loremipsum_siderail_right_2\" data-google-query-id=\"\">\n          <script data-cfasync=\"false\" type=\"text/javascript\">\n            freestar.config.enabled_slots.push({ placementName: \"loremipsum_siderail_right_2\", slotId: \"loremipsum_siderail_right_2\" });\n          </script>\n        <div id=\"google_ads_iframe_/15184186,22580084566/loremipsum_siderail_right_2_0__container__\" style=\"border: 0pt none; width: 300px; height: 0px;\"></div></div>\n      </div>\n    </div>\n  </div>', '2024-05-31 02:43:48', '2024-05-31 02:43:48', 333),
(5, 5, '7 thiên thần Victoria’s Secret giàu nhất năm 2024', 'assets/uploads/1718031462ds3.webp', 'rước thông tin show diễn Victoria\'s Secret sẽ trở lại vào mùa thu năm nay sau 6 năm gián đoạn, nhiều sự chú ý đang hướng đến các thiên thần giàu có và nổi tiếng nhất thế giới', '#1. Miranda Kerr (41 tuổi), tài sản ròng ước tính trị giá 3,66 tỷ USD. Tên tuổi của cô trở nên quen thuộc khi bắt đầu sự nghiệp thiên thần nội y Victoria’s Secret vào năm 2006, cộng thêm mối quan hệ với nhiều nhân vật đình đám như nam diễn viên Orlando Bloom và doanh nhân người Malaysia Jho Low. Năm 2017, Kerr kết hôn với CEO Snapchat Evan Spiegel - người sở hữu giá trị tài sản ròng khổng lồ lên đến 3,6 tỷ USD, Forbes thống kê. Cùng với tài sản 60 triệu USD của mình, Kerr đang tận hưởng lối sống thiên đường mà mọi \"thiên thần\" đều ao ước. Ảnh: REX/Vogue World Paris, @mirandakerr/Instagram.\r\n\r\n\r\nVictoria\'s Secret,  Thien than noi y anh 3Victoria\'s Secret,  Thien than noi y anh 4\r\n#2. Karlie Kloss (31 tuổi), tài sản ròng ước tính trị giá 3,54 tỷ USD. Karlie Kloss là cựu thiên thần của Victoria’s Secret vỏn vẹn 2 năm (2013-2015). Song, điều đó cũng giúp cô kiếm được 40 triệu USD để đóng góp vào tổng tài sản của mình và chồng doanh nhân Joshua Kushner trị giá hàng tỷ USD. Nàng mẫu cuối cùng đã rời khỏi thương hiệu vì nhận thấy mọi thứ không còn phù hợp với giá trị bản thân và thông điệp cô muốn gửi đến phụ nữ trẻ về tiêu chuẩn sắc đẹp, theo British Vogue. Ảnh: Dimitrios Kambouris/Glamour, @jenniferbehr/Instagram.\r\n\r\n\r\nVictoria\'s Secret,  Thien than noi y anh 5Victoria\'s Secret,  Thien than noi y anh 6\r\n#3. Gisele Bündchen (43 tuổi), tài sản ròng ước tính trị giá 400 triệu USD. Bảy năm (1999-2006) làm thiên thần nội y của Victoria’s Secret đã giúp Gisele Bündchen trở thành một trong những người mẫu được trả lương cao nhất thế giới. Tổng tài sản của Bündchen và siêu tiền vệ Tom Brady trong cuộc hôn nhân kéo dài 13 năm lên đến 650 triệu USD. Cặp đôi chính thức \"đường ai nấy đi\" vào năm 2022. Tuy nhiên, SCMP đưa tin rằng tài sản của Bündchen sau ly hôn vẫn nhiều hơn chồng cũ khoảng 100 triệu USD. Ảnh: WireImage, @gisele/Instagram.\r\n\r\n\r\nVictoria\'s Secret,  Thien than noi y anh 7Victoria\'s Secret,  Thien than noi y anh 8\r\n#4. Behati Prinsloo (35 tuổi), tài sản ròng ước tính trị giá 190 triệu USD. Cô nàng người Namibia đã sải bước trong 10 buổi trình diễn thời trang của Victoria\'s Secret kể từ khi trở thành thiên thần nội y vào năm 2009. Thành công của Prinsloo tại Victoria\'s Secret vang dội đến nỗi cô còn thiết kế bộ sưu tập Behati Loves Pink cho thương hiệu này vào năm 2010. Nàng mẫu hiện có cuộc sống viên mãn sau sóng gió với thủ lĩnh Maroon 5 Adam Levine. Họ kết hôn năm 2014 và có 3 con chung. Ảnh: Daily Mail, @behatiprinsloo/Instagram.\r\n\r\n\r\nVictoria\'s Secret,  Thien than noi y anh 9Victoria\'s Secret,  Thien than noi y anh 10\r\n#5. Heidi Klum (50 tuổi), tài sản ròng ước tính trị giá 185 triệu USD. Klum là thiên thần người Đức đầu tiên của Victoria\'s Secret vào cuối những năm 1990 và tiếp tục làm việc cho thương hiệu trong 13 năm. Kể từ đó, bà liên tục \"bỏ túi\" các hợp đồng truyền hình lớn với America\'s Got Talent, Germany\'s Next Top Model và Project Runway. Ảnh: Glamour, @heidiklum/Instagram.\r\n\r\n\r\nVictoria\'s Secret,  Thien than noi y anh 11Victoria\'s Secret,  Thien than noi y anh 12\r\n#6. Adriana Lima (42 tuổi), tài sản ròng ước tính trị giá 95 triệu USD. Bắt đầu sự nghiệp ở thương hiệu nội y Victoria’s Secret vào năm 2000, Lima trở thành thiên thần hoạt động lâu nhất mọi thời đại, chỉ bỏ lỡ một buổi trình diễn thời trang trong giai đoạn mang thai con gái Valentina. Nàng thiên thần chính thức \"treo cánh\" vào năm 2018, theo SCMP. Ảnh: David Fisher/REX/Shutterstock, @adrianalima/Instagram.\r\n\r\n\r\nVictoria\'s Secret,  Thien than noi y anh 13Victoria\'s Secret,  Thien than noi y anh 14\r\n#7. Tyra Banks (50 tuổi), tài sản ròng ước tính trị giá 90 triệu USD. Là một trong những người mẫu Mỹ gốc Phi nổi bật nhất những năm 1990, Tyra Banks đảm nhận vai trò thiên thần nhà Victoria’s Secret từ năm 1997-2005. Sau khi sự nghiệp người mẫu đạt đỉnh vinh quang, bà làm mới bản thân bằng cách trở thành ngôi sao truyền hình nhờ các chương trình ăn khách như America\'s Next Top Model, The Tyra Banks Show v.v. Ảnh: @tyrabanks/Instagram.', '2024-05-31 02:43:48', '2024-06-10 07:57:42', 555),
(6, 6, 'CĐV phân biệt chủng tộc Song Heung-min nhận kết đắng', 'assets/uploads/1718031392ds2.webp', 'Một CĐV của CLB Nottingham Forest đã bị cấm tham dự mọi trận đấu bóng đá trên khắp Vương quốc Anh, sau khi bị phát hiện có những lời lăng mạ chủng tộc đối với Son Heung-min.', 'ĐỜI SỐNG\r\n\r\nCĐV phân biệt chủng tộc Song Heung-min nhận kết đắng\r\nLê Vy Thứ hai, 10/6/2024 14:23 (GMT+7)Một CĐV của CLB Nottingham Forest đã bị cấm tham dự mọi trận đấu bóng đá trên khắp Vương quốc Anh, sau khi bị phát hiện có những lời lăng mạ chủng tộc đối với Son Heung-min.\r\n\r\n\r\nCĐV Anh bị phạt tiền, cấm đến sân vận động vì phân biệt chủng tộc Son Heung-min. Ảnh: Pool.\r\nNgười đàn ông (50 tuổi, ở Bestwood) đã bị buộc tội có hành vi gây rối nghiêm trọng liên quan đến phân biệt chủng tộc. CĐV đã thừa nhận các cáo buộc và bị phạt 1.654 bảng Anh (khoảng 2.100 USD).\r\n\r\nNgười này cũng đã bị cấm đến xem tất cả trận đấu bóng đá trên khắp các sân vận động ở Anh trong vòng 3 năm. Ngoài ra, CĐV còn phải trả 85 bảng Anh chi phí pháp lý và khoản phụ phí cho nạn nhân là 669 bảng Anh.\r\n\r\nCác nhân chứng cho biết người này \"liên tục hét lên những lời lẽ phân biệt chủng tộc\" nhằm vào người hâm mộ Tottenham Hotspur cũng như cầu thủ người Hàn Quốc Son Heung-min trong một trận đấu ở sân vận động City Ground. Bất chấp những lời cầu xin từ những CĐV gần đó, ông ta vẫn tiếp tục lạm dụng trong suốt trận đấu, thậm chí trở nên thù địch với những người yêu cầu mình dừng lại.\r\n\r\nNgười phát ngôn của cảnh sát địa phương đã lên án hành động của CĐV này và nhấn mạnh rằng hành vi đó là không thể chấp nhận trong bóng đá. Công tố viên quận Marianne Connally cũng tiết lộ rằng người đàn ông này đã đến sân vận động trong tình trạng say xỉn.\r\n\r\n\"Hành vi ghê tởm của người này không có chỗ đứng trong bóng đá. Ông ta bắt đầu trận đấu trong tình trạng say xỉn và hét lên những lời lăng mạ phân biệt chủng tộc với người hâm mộ đối phương và một cầu thủ trong thời gian dài. Bây giờ ông ta sẽ bị cấm đến mọi sân bóng trong nước và không thể ra nước ngoài khi các trận đấu quốc tế đang diễn ra. Thật buồn khi nghe các nhân chứng nói rằng họ cảm thấy buộc phải rời khỏi sân vì hành vi của ông ta. Tôi biết ơn những người đã đứng ra báo cáo sự việc này\", Connally nói.\r\n\r\nĐây không phải là lần đầu tiên Son Heung-min phải đối mặt với hành vi phân biệt chủng tộc trong một trận đấu ở Premier League. Năm 2021, 8 người đàn ông bị bắt vì cáo buộc viết tweet sỉ nhục ngôi sao người Hàn Quốc.\r\n\r\nTottenham Hotspur xác nhận một CĐV đội khách bị kết tội có hành vi phân biệt chủng tộc với Son trong trận đấu trên sân nhà tại Premier League với Crystal Palace vào tháng 5/2023.', '2024-05-31 02:43:48', '2024-06-10 07:56:32', 222),
(7, 6, 'Dịch vụ \'tẩy trắng quá khứ\'', 'assets/uploads/1718031343ds.webp', 'Với những người trẻ phải vật lộn để dọn dẹp các bài đăng, hình ảnh xấu hổ hay thông tin cá nhân đăng trên mạng trong quá khứ, \"Dịch vụ tẩy xóa\" xuất hiện như một cứu tinh.', 'Được ra mắt vào năm 2023 như một chương trình thí điểm và hiện được Ủy ban Bảo vệ Thông tin cá nhân Hàn Quốc vận hành, dịch vụ này nhận phản ứng tích cực của nhiều người trẻ Hàn Quốc, theo Korea Bizwire.\r\n\r\nLấy ví dụ trường hợp của một cá nhân tạm gọi là A. Khi còn là học sinh tiểu học, A đã đăng tải các video bắt trend những thử thách phổ biến vào thời điểm đó lên một nền tảng chia sẻ video.\r\n\r\nKhi A lên cấp 2, những video này trở thành thứ bạn bè dùng để chế nhạo em. A đã cố gắng xóa các bài đăng nhưng bị mất thông tin tài khoản và khó tìm sự trợ giúp từ trung tâm dịch vụ khách hàng trong nước bởi sở hữu là một công ty nước ngoài.\r\n\r\nĐúng lúc, A biết tới \"Dịch vụ tẩy xóa\" do chính phủ điều hành. Với sự hướng dẫn thân thiện của nhân viên tư vấn, A đã có thể dễ dàng gỡ bỏ các bài viết.\r\n\r\nMột trường hợp khác là B, từng chia sẻ ảnh chụp chung với bạn gái cũ lên một trang mạng xã hội thời trung học để ghi lại kỷ niệm. Gần đây, sau khi chia tay, B đã tìm cách xóa những bài đăng này nhưng không thành công vì không nhớ được mật khẩu.\r\n\r\nSợ quá khứ bị phơi bày và bạn gái cũ cũng yêu cầu xóa ảnh, B cuối cùng tìm đến \"Dịch vụ tẩy xóa\". Không cần truy cập tài khoản, anh có thể chứng minh các bài đăng là của mình và gỡ những bức ảnh chứa thông tin cá nhân xuống.\r\n\r\nxoa bai dang tren mang anh 1\r\nNhiều người trẻ Hàn Quốc mắc sai lầm đăng hình ảnh bản thân lên mạng khi còn nhỏ. Ảnh: Yonhap.\r\nTheo Ủy ban Bảo vệ Thông tin Cá nhân Hàn Quốc, kể từ khi dịch vụ này ra đời vào cuối tháng 4/2023, đã nhận được 17.148 yêu cầu xóa bài đăng, trong đó 16.518 yêu cầu thực hiện thành công. Chỉ trong bốn tháng đầu năm nay, hơn 6.000 yêu cầu xóa đã được gửi đến, cho thấy dịch vụ này ngày càng phổ biến.\r\n\r\nSau khi phân tích kết quả từ chương trình thí điểm và thu thập phản hồi từ các cuộc gặp, ủy ban đã mở rộng độ tuổi đủ điều kiện để tạo bài đăng từ “dưới 18 tuổi” lên “dưới 19 tuổi” vào đầu năm nay. Độ tuổi đăng ký dịch vụ cũng được mở rộng đáng kể từ “dưới 24 tuổi” lên thành “dưới 30 tuổi”, cho phép nhiều người có thể sử dụng dịch vụ hơn.\r\n', '2024-05-31 02:43:48', '2024-06-10 07:55:43', 0),
(8, 5, 'Nghịch lý Sơn Tùng M-TP', 'assets/uploads/1718031283gt.webp', 'Đã hơn 3 năm kể từ “Muộn rồi mà sao còn”, Sơn Tùng mới quay trở lại với chất nhạc trẻ trung, tươi sáng rực rỡ. Tuy nhiên, “Đừng làm trái tim anh đau” thiếu một chút đột phá.', 'Mặc dù vẫn đứng vững ở vị thế người dẫn đầu Vpop trong nhiều năm qua, thực tế các hoạt động âm nhạc của Sơn Tùng đã có dấu hiệu giảm nhiệt và thiếu sức ảnh hưởng trong vài năm gần đây. Liên tiếp trong 3 năm từ 2021 - 2023, mỗi năm Sơn Tùng chỉ phát hành đúng một bài hát, trong năm 2022 và 2023, anh thậm chí còn phát hành ca khúc được sáng tác hoàn toàn bằng tiếng Anh. Những ca khúc này vẫn có thành tích tốt, tuy nhiên độ phổ biến với đại chúng không còn lớn do rào cản về mặt ngôn ngữ, riêng There’s no one at all còn dính một số lùm xùm đáng tiếc, phải gỡ bỏ MV.\r\n\r\nĐầu năm nay, Sơn Tùng quay trở lại với một single thuần tiếng Việt có tên Chúng ta của tương lai. Bài hát sớm vượt lên so với các sản phẩm phát hành cùng thời điểm, nhưng cũng chưa tạo được dấu ấn quá lớn. Nó nhanh chóng bị “quên lãng” trên các nền tảng mạng xã hội, lượt thảo luận cũng sụt giảm. Trong single này, Sơn Tùng vẫn làm mọi thứ ở mức ổn định, tròn trịa như bao năm nay anh vẫn làm trong dòng nhạc R&B nhưng thiếu đi những yếu tố thức thời, xu hướng như những bài hát được ưa chuộng của lứa nghệ sĩ gen Z hiện nay.\r\n\r\nTrở lại chỉ sau 3 tháng với single tiếp theo Đừng làm trái tim anh đau - một điều hiếm gặp ở Sơn Tùng những năm gần đây - cho thấy tham vọng lớn của nam ca sĩ trong việc chiếm lại thị phần Vpop vốn đang bị đe dọa bởi dàn nghệ sĩ trẻ với một số thay đổi thấy rõ.\r\n\r\nLựa chọn phong cách ngọt ngào, êm tai\r\nKể từ There’s no one at all, Sơn Tùng cho thấy một cá tính gai góc, trưởng thành và nhiều tâm sự hơn. Trong single Chúng ta của tương lai, ngay cả khi không sử dụng tới những âm thanh quá nặng bass - điên tử, nhưng Sơn Tùng vẫn giữ nguyên phong cách sáng tác đã quen thuộc với công chúng. Với lượng khán giả trung thành rất lớn, Sơn Tùng không lo lắng sản phẩm sẽ gặp thất bại. Nhưng rõ ràng, những bài hát như vậy không còn bắt được nhịp của thị trường nữa.\r\n\r\nVậy nên, đến với Đừng làm trái tim anh đau, người nghe thấy một số thay đổi tích cực. Sáng tác của Sơn Tùng dài và nhiều lớp lang hơn, không còn là những verse có giai điệu đều đều để tập trung mọi sự chú ý vào đoạn hook nữa. Cụ thể, trong bài hát này, Sơn Tùng xây dựng cấu trúc verse - pre chorus - chorus cho đoạn 1, rồi thêm một đoạn rap mở đầu đoạn 2 trước khi xây dựng tiếp pre chorus - chorus như cũ, rồi kết bài bằng một đoạn outro được dàn dựng mới thay vì lặp lại chorus.\r\n\r\nĐiểm nhấn trong single lần này là cách Sơn Tùng xây dựng rất kỹ phân đoạn pre chorus, khi nghe lần đầu có thể nhiều khán giả đã lầm tưởng đây có thể chính là điệp khúc của bài khi anh triển khai nó rất dài và đặt đoạn hook chính, lặp đi lặp lại “đắt giá” ở đây: \"Chính em chính em tương tư mình em thôi, mãi theo sau mình em thôi, mãi si mê mình em thôi, mãi yêu thương mình em\". Nhờ thế, khi Sơn Tùng chuyển sang điệp khúc chính ngay sau đó, bài hát tạo ra được một sự phức tạp nhất định trong cấu trúc, người nghe cũng có thể đặt trọng tâm vào nhiều phân đoạn khác nhau hơn thay vì chỉ chú ý duy nhất tới chorus.\r\n\r\n\r\nSon Tung anh 1\r\nSơn Tùng nỗ lực làm mới mình trong single Đừng làm trái tim anh đau.\r\nCách làm này từng được áp dụng trong một trong những bản hit lớn nhất Vpop 2023 là Từng Quen của Wren Evans. Vốn là một nghệ sĩ rất thích chơi đùa với cấu trúc bài, Wren xây dựng đoạn 1 và đoạn 2 khác hẳn nhau: đoạn 1 đi từ verse thẳng tới chorus, đoạn 2 lại dựng 1 đoạn rap dài, sau đó dùng một pre chorus có vai trò như bridge, chorus cuối cùng được Wren sử dụng 2 lời khác nhau, sau đó lại dùng bridge để kết bài. Thành quả của cấu trúc “độc lạ” đó là rất khả quan khi cả 2 đoạn chorus cùng với đoạn bridge đều trở thành xu hướng trên mạng xã hội.\r\n\r\nQuay trở lại với Đừng làm trái tim anh đau, không thể nói là Sơn Tùng học hỏi hoàn toàn cách dựng bài của đàn em, bởi anh vẫn đưa những yếu tố rất quen thuộc mà anh từng làm trong single Muộn rồi mà sao còn vào đây, cụ thể là cách xây dựng nhịp điệu và đoạn rap thú vị trong verse 2. Tuy nhiên, vẫn có thể thấy rõ Sơn Tùng đã có sự thay đổi khi không sắp xếp cấu trúc một cách quá dễ đoán và đặt sự chú ý vào nhiều phân đoạn khác nhau trong bài. Đặc biệt, lần đầu tiên kể từ Có chắc yêu là đây, Sơn Tùng tự khởi xướng dance challenge trên mạng xã hội nhằm lan tỏa bài hát lâu dài hơn. Đây có thể coi là nước đi rõ rệt nhất nhằm tiếp cận nhóm khán giả trẻ của nam ca sĩ.\r\n\r\nChưa thực sự đột phá\r\nMặc dù có những sự thay đổi thấy rõ, nhưng có thể thấy về hòa âm phối khí, Sơn Tùng vẫn không tạo được sự khác biệt quá nhiều. Đội ngũ sản xuất vẫn tiếp tục được credit là “M-TP Talent Team” tương tự như Chúng ta của tương lai - tức là vẫn không có một cá nhân nào đại diện chịu trách nhiệm chính.\r\n\r\nCác lớp âm thanh trong bài nghe cũng không có gì quá đặc biệt, chủ yếu tập trung vào việc tạo ra bầu không khí tươi sáng, trẻ trung, sự đơn giản có phần tương đồng với Muộn rồi mà sao còn phát hành cách đây 3 năm. Cách dàn dựng âm thanh giữa 2 đoạn của nhóm sản xuất này cũng không có sự khác biệt nhiều, bài hát chỉ thực sự có chút thay đổi khi tiến đến đoạn chorus cuối cùng, nhưng cũng giữ sự tối giản hết mức để làm nổi bật đoạn hook “La la la”.', '2024-05-31 02:43:48', '2024-06-10 07:54:43', 0),
(9, 2, 'CZ bất ngờ thành tù nhân giàu nhất nước Mỹ', 'assets/uploads/1718031175cn1.webp', 'Giá của đồng BNB tăng mạnh từ lúc người sáng lập dự án này bắt đầu thi hành án. Dựa trên khoản tài sản Changpeng Zhao nắm giữ, ông trở thành người giàu nhất khi đang ngồi tù ở Mỹ.', 'Một tuần sau khi CZ chính thức thực thi án tù 4 tháng theo phán quyết của tòa án, giá đồng BNB thuộc hệ sinh thái của Binance tăng mạnh. Loại tiền số này chính thức đạt ATH (All Time High - Cao nhất mọi thời) vào hôm 6/6. Tại mốc 720 USD/BNB được ghi nhận trên nền tảng CoinMarketCap, tổng vốn hóa dự án là khoảng 105 tỷ USD.\r\n\r\nĐiều này làm tăng lượng tài sản ròng của Changpeng Zhao, biến ông thành người giàu nhất khi đang ngồi tù ở Mỹ, theo Bloomberg.\r\n\r\nBinance bị cáo buộc vi phạm hoạt động chống rửa tiền và trừng phạt, gồm việc không ngăn chặn Hamas, Al Qaeda và các nhóm chiến binh khác truy cập sàn giao dịch. CZ cũng đã tự nộp phạt 50 triệu USD dưới danh nghĩa cá nhân để dàn xếp.\r\n\r\n\r\nCZ di tu anh 1\r\nĐồng BNB lập đỉnh mới vào hôm 6/6. Ảnh: CoinMarketCap.\r\nVụ việc làm giảm giá trị tài sản ròng của Zhao, ước tính vào khoảng 38,5 tỷ USD, dù chưa có dữ liệu chính xác. Ông được Bloomberg xếp hạng 40 trong danh sách người giàu nhất thế giới.\r\n\r\nTrong một cuộc phỏng vấn hồi 2021 với Associated Press, người sáng lập Binance cho biết phần lớn tài sản của ông vẫn nằm ở BNB. Đồng thời, CZ khẳng định bản thân vẫn là một cổ đông có quy mô cao tại sàn giao dịch lớn nhất thế giới.\r\n\r\nZhao không chia sẻ số BNB mình sở hữu, nhưng theo sách trắng dự án công bố hồi 2017, 80 triệu BNB hiện có giá khoảng 56 tỷ USD được phân bổ cho nhóm sáng lập. Theo ước tính từ Billionaires Index, tài sản của CZ đạt đỉnh ở mốc khoảng 40 tỷ USD vào hôm 6/6, tăng 4,1 tỷ USD trong năm nay.\r\n\r\nQuỹ đạo giá của BNB cũng phát ánh tình hình kinh doanh của sàn giao dịch tiền số lớn nhất thế giới. Tổng tài sản trên nền tảng đã tăng từ 80 tỷ USD hồi tháng một lên 125 tỷ USD. Điều này thể hiện sự thống trị của Binance trong mảng sàn giao dịch tiền số, bất chấp các biến động cuối năm ngoái, khi công ty phải chi số tiền kỷ lục 4,3 tỷ USD để đóng phạt.\r\n\r\nNgười giữ BNB được giảm phí giao dịch trên Binance, thanh toán phí ở BNB Smart Chain. Theo nhà phân tích Desislava Aubert của Kaiko, đợt phục hồi gần đây của đồng tiền số đã được dự báo trước trên thị trường phái sinh. Cụ thể, từ cuối tháng 5, nhu cầu mua tăng cao và liên tục vượt lượng bán.\r\n\r\n“BNB được giao dịch trên hàng chục sàn tập trung, khác với các loại ‘coin sàn’ vốn chỉ mua bán trên chính nền tảng đó. Binance vẫn giữ 85% tổng cung BNB toàn cầu”, bà Aubert nói.', '2024-05-31 02:43:48', '2024-06-10 07:52:55', 0),
(10, 1, 'Vì sao dòng tiền ngoại rút mạnh khỏi chứng khoán Việt Nam?', 'assets/uploads/1718031106kd2.webp', 'Áp lực tỷ giá và các vấn đề về thương mại toàn cầu khiến nhà đầu tư nước ngoài có xu hướng rút vốn khỏi các thị trường mới nổi để tìm nơi trú ẩn.', 'Áp lực tỷ giá và các vấn đề về thương mại toàn cầu khiến nhà đầu tư nước ngoài có xu hướng rút vốn khỏi các thị trường mới nổi để tìm nơi trú ẩn.\r\n\r\n\r\nNhà đầu tư nước ngoài bán ròng kỷ lục trong tháng 5. Ảnh: ShutterStock.\r\nBất chấp những tín hiệu phục hồi tích cực của thị trường chứng khoán Việt Nam gần một tháng trở lại đây, khối ngoại vẫn mạnh tay bán ròng khoảng 19.000 tỷ đồng trong tháng 5. Tính riêng trên HoSE, dòng tiền của các nhà đầu tư ngoại rút ròng xấp xỉ 15.600 tỷ đồng, cao gấp 2,6 lần giai đoạn tháng 4 và là giá trị bán ròng theo tháng cao nhất từ trước đến nay tại thị trường chứng khoán Việt Nam.\r\n\r\n“Sell in May” kinh hoàng\r\nTrao đổi với Tri Thức - Znews, ông Lê Minh Nguyên, Giám đốc Cao cấp Khách hàng cá nhân tại Chứng khoán Rồng Việt, đánh giá hiệu ứng “Sell in May” diễn biến mạnh mẽ trên thị trường trong tháng 5 với áp lực chủ yếu từ khối ngoại.\r\n\r\nMặc dù không chiếm tỷ trọng lớn trong giá trị giao dịch trên thị trường (dưới 10%), động thái bán ròng của nhà đầu tư nước ngoài cũng có tác động nhất định đến thị trường chung.\r\n\r\n\r\nDù vậy, dự báo trong ngắn hạn, vị chuyên gia tin rằng xu hướng bán ròng của khối ngoại sẽ kết thúc khi Ngân hàng Nhà nước đã và đang có nhiều giải pháp ổn định tỷ giá cũng như nâng nền lãi suất.\r\n\r\nTháng 5 vừa qua, khối ngoại có xu hướng cắt giảm tỷ trọng cổ phiếu vốn hóa lớn ra khỏi danh mục. Trong đó, cổ phiếu VHM của Vinhomes dẫn đầu quy mô bị bán ròng trong tháng với 4.774 tỷ đồng.\r\n\r\nTrên thực tế, mã chứng khoán đại diện doanh nghiệp bất động sản lớn nhất Việt Nam đã liên tục bị bán bởi nhà đầu tư nước ngoài từ đầu năm.\r\n\r\n\r\nbao cao rong viet,  bao cao vpbanks,  chuyen gia vpbanks,  khoi ngoai ban rong anh 1\r\nKhối ngoại bán ròng với quy mô kỷ lục trong tháng 5. Ảnh: Finx.\r\nTính đến nay, khối ngoại đã bán ròng 10.400 tỷ đồng giá trị cổ phiếu VHM. Dữ liệu từ HoSE cũng cho thấy tỷ lệ sở hữu của nhà đầu tư nước ngoài tại công ty con của Vingroup đã thu hẹp từ 22,5% xuống 17,3%, tức room ngoại đang hở ra tới 32,7%, tương đương khối lượng 1,4 tỷ cổ phiếu.\r\n\r\nBên cạnh VHM, một số cổ phiếu bất động sản khác như VRE (Vincom Retail), VIC (Vingroup) hay KBC (Đô thị Kinh Bắc) cũng bị bán dữ dội hàng trăm tỷ đồng.\r\n\r\nVới nhóm dịch vụ tài chính - ngân hàng, dòng tiền ngoại chuyển hướng khỏi CTG (-1.709 tỷ đồng), VPB (-809 tỷ đồng), HDB (-723 tỷ đồng), VND (-673 tỷ đồng), VCB (-628 tỷ đồng), SSI (-579 tỷ đồng), MBB (-521 tỷ đồng), VCI (-446 tỷ đồng).\r\n\r\nỞ chiều ngược lại, các nhà đầu tư nước ngoài tập trung chủ yếu vào những mã chứng khoán có câu chuyện riêng, điển hình như MWG (+1.550 tỷ đồng) với câu chuyện vực dậy ngành bán lẻ, DBC (+672 tỷ đồng) với giá heo hơi tăng cao hay HVN (+483 tỷ đồng) với xu hướng hồi phục của ngành hàng không, du lịch.\r\n\r\nTrước tâm lý bi quan, tiền ngoại vẫn chảy vào một số cổ phiếu như NLG (+328 tỷ đồng), NVL (+242 tỷ đồng), PVT (+151 tỷ đồng), POW (+101 tỷ đồng).\r\n\r\nKhi nào tiền ngoại trở lại?\r\nChia sẻ thêm về phản ứng của khối ngoại, ông Trần Hoàng Sơn, Giám đốc Chiến lược Thị trường VPBankS, cho rằng một trong những lý do quan trọng dẫn tới áp lực rút vốn mạnh không những ở Việt Nam mà còn ở quy mô khu vực châu Á, phần lớn đến từ độ trễ trong kỳ vọng Fed hạ lãi suất.\r\n\r\nTình trạng này ảnh hưởng đến diễn biến tăng giá của USD trong 5 tháng đầu năm, có lúc lên tới hơn 5%, và tác động lớn đến tỷ giá của các nền kinh tế mới nổi, trong đó có Việt Nam.\r\n\r\nSự chênh lệch lãi suất kéo dài cùng những bất ổn từ địa chính trị, thương mại gia tăng dẫn tới áp lực rút vốn của các dòng vốn carry trade (kinh doanh chênh lệch lãi suất) và tạo lực bán mạnh trên thị trường chứng khoán.\r\n\r\nNhà đầu tư nước ngoài có thể đã rút một phần vốn khỏi Việt Nam để phân bổ sang các thị trường khác nhằm phòng ngừa rủi ro\r\n\r\nÔng Trần Hoàng Sơn, Giám đốc Chiến lược Thị trường VPBankS\r\n\r\nNếu tính lũy kế từ đầu năm, lượng bán ròng trên toàn thị trường của khối ngoại đã lập đỉnh 2 năm, khoảng 32.739 tỷ đồng. Đây là một trong những yếu tố ảnh hưởng khá lớn đến diễn biến điều chỉnh của thị trường trong tháng 4 vừa qua.\r\n\r\nVị chuyên gia đánh giá đây là thời kỳ khá biến động khi cấu trúc dòng vốn toàn cầu đang thay đổi theo các chính sách điều hành của các ngân hàng trung ương.\r\n\r\nTrước mắt, ECB đã có động thái hạ lãi suất. Còn với thị trường Mỹ, những chỉ báo hiện tại giúp giới đầu tư duy trì kỳ vọng về đợt giảm lãi suất có thể rơi vào cuối quý III hoặc đầu quý IV năm nay.\r\n\r\nHiện tại, tỷ giá trong nước đang dần hạ nhiệt và kỳ vọng có thể ổn định trở lại trong quý III. Trên cơ sở đó, ông Trần Hoàng Sơn cho rằng có thể kỳ vọng khối ngoại sẽ giảm dần áp lực rút vốn và sớm quay trở lại mua ròng khi gần đến thời điểm Fed và các ngân hàng trung ương lớn hạ lãi suất.', '2024-05-31 02:43:48', '2024-06-10 07:51:46', 0),
(11, 1, 'Chứng khoán tiến về đỉnh 20 tháng', 'assets/uploads/1718031042kd1.jpg', 'VN-Index kết thúc phiên giao dịch 10/6 ở mốc trên 1.290 điểm sau khi tăng hơn 3 điểm. Chỉ số vẫn giữ được đà tăng bất chấp sự ảnh hưởng của áp lực chốt lời.', 'Thị trường chứng khoán mở cửa phiên giao dịch tuần mới hôm nay trong tâm thế phấn khởi. VN-Index nhận được động lực tăng tốt, có thời điểm tiến sát mốc 1.300 điểm khi dòng tiền chảy mạnh vào các nhóm cổ phiếu vốn hóa lớn như ngân hàng, bất động sản.\r\n\r\nTuy nhiên, rung lắc bắt đầu xuất hiện trong phiên chiều khi áp lực chốt lời dâng cao một lần nữa thử thách lực cầu của thị trường. Dù bị kéo xuống sát tham chiếu, VN-Index vẫn được dòng tiền nhập cuộc kéo bật lên.\r\n\r\nKết phiên, VN-Index đóng cửa tăng 3,09 điểm (+0,24%) lên 1.290,67 điểm; HNX-Index tăng 0,59 điểm (+0,24%) lên 245,58 điểm; UPCoM-Index tăng 0,7 điểm (+0,71%) lên 99,56 điểm.\r\n\r\nThanh khoản toàn thị trường dù có cải thiện so với phiên gần nhất nhưng không thực sự bùng nổ, tiệm cận mốc 25.000 tỷ đồng.\r\n\r\nSắc xanh vẫn áp đảo trên bảng điện tử với 511 mã tăng (gồm 58 mã tăng trần), 775 mã giữ tham chiếu và 323 mã giảm (gồm 16 mã giảm sàn).\r\n\r\nTrong đó, rổ cổ phiếu vốn hóa lớn VN30 chứng kiến 11 mã tăng, 4 mã giữ tham chiếu và 15 mã giảm.\r\n\r\nĐộng lực tăng của chỉ số hôm nay chủ yếu đến từ các mã như GVR, CTG, FPT, MWG, GMD, MBB, STB, PVT, HDB và PLX.\r\n\r\nMặt khác, nhịp điều chỉnh của các mã trụ như VCB, BCM, VNM, LGC, TCB, MSN, POW, BID, VHM khiến VN-Index chịu sự kìm hãm lớn.\r\n\r\nTrong bối cảnh các nhóm cổ phiếu chiếm tỷ trọng lớn trên thị trường như tài chính và bất động sản phân hóa cũng như dao động trong biên độ hẹp, cổ phiếu nhóm chế biến thủy sản lại được giao dịch sôi động, điển hình như VHC (+2,9%), ANV (+2,1%), ASM (+3,3%), IDI (+5,4%), KHS (kịch trần), CMX (+1,8%).\r\n\r\nNhóm cổ phiếu vận tải biển, cảng biển cũng \"nổi sóng\" với những cái tên như GMD (+4,2%), PVT (+5,5%), PJT (+5,8%), TCL (+4,7%) hay VOS, QNP, HAH, DXP tăng trần.\r\n\r\nDiễn biến này xuất hiện trong bối cảnh giá cước vận tải container toàn cầu tăng 12% trong tuần qua. Chỉ số tổng hợp Drewry đạt mức cao nhất 20 tháng, giữ ở mốc 4.716 USD/container, tăng 181% so với cùng kỳ năm trước.\r\n\r\nVề giao dịch khối ngoại, các nhà đầu tư nước ngoài hôm nay mạnh tay bán ròng trở lại với quy mô 1.246 tỷ đồng, tập trung chủ yếu ở những mã như FPT (-165 tỷ đồng), LHC (-127 tỷ đồng), VCB (-92 tỷ đồng), HPG (-87 tỷ đồng).\r\n\r\nNgược lại, cổ phiếu FRT được gom 44 tỷ đồng, STB (+38 tỷ đồng), GVR (+30 tỷ đồng), HAH (+22 tỷ đồng).', '2024-05-31 02:43:48', '2024-06-10 07:50:42', 0),
(12, 2, 'Lý do tỷ phú sở hữu Telegram dùng điện thoại giá rẻ, chưa đến 200 USD', 'assets/uploads/1718030963cn.webp', 'Nhà sáng lập app nhắn tin chọn dùng chiếc Galaxy A52 bởi đây là thiết bị phổ biến trong cộng đồng người dùng.\r\n', 'Không phải các mẫu iPhone hoặc flagship Android đắt tiền, Pavel Durov chọn sử dụng một chiếc máy Samsung tầm trung đời cũ. Người đàn ông này là nhà sáng lập ứng dụng liên lạc mã hóa nổi tiếng Telegram. Vị tỷ phú cho biết lựa chọn smartphone xuất phát từ mức độ phổ biến của nó trong cộng đồng người dùng app nhắn tin. Việc này giúp gắn đồng bộ trải nghiệm của nhà phát triển với khách hàng.\r\n\r\n“Tôi chọn máy này bởi nó được sử dụng rất nhiều người dùng Telegram. Tôi muốn hiểu trải nghiệm của họ để cải thiện nó”, người sáng lập app nhắn tin chia sẻ trên nhóm chat.\r\n\r\n\r\nty phu dung Samsung anh 1\r\nChiếc Galaxy A52 5G bị cháy pin của Pavel Durov. Ảnh: @Du_rove.\r\nPavel Durov tiết lộ mình đã mua chiếc máy Samsung với giá 180 USD (4,5 triệu đồng) và dùng được 2 năm. Gần đây, thiết bị gặp sự cố, cháy phần pin khi gặp nhiệt độ cao ở Dubai. Dựa vào mã thiết bị, đây là mẫu Galaxy A52 5G, ra mắt hồi 2021. Khi mới trình làng, thiết bị được niêm yết quanh mốc khoảng 10 triệu đồng tại Việt Nam.\r\n\r\nChiếc điện thoại của Pavel Durov khiến nhiều người bất ngờ bởi ông là một trong những doanh nhân người Nga giàu có nhất. Bất chấp việc tài sản sa sút trong năm qua, lượng tài sản ròng của vị này vẫn đạt 11,5 tỷ USD, theo Forbes. Người này đã chi hàng trăm triệu USD để đảm bảo hoạt động của ứng dụng nhắn tin.\r\n\r\nTuy nhiên, công cụ nhắn tin mã hóa này lại là đề tài tranh cãi lớn trên khắp thế giới. App OTT nói trên trở thành kênh liên lạc chính của tội phạm, hacker để trao đổi về các dịch vụ bất hợp pháp mà không chịu các hình thức kiểm soát.\r\n\r\nCó trụ sở chính tại Dubai, Telegram có thể thoát khỏi phần lớn sự giám sát theo quy định và các yêu cầu thủ tục pháp lý vốn là thứ đã gây khó khăn cho các nền tảng tương tự ở Thung lũng Silicon trong những năm gần đây.\r\n\r\n“Ở Dubai, chính phủ không làm phiền chúng tôi\", Durov nói với Financial Times.\r\n\r\nTelegram sử dụng biện pháp mã hóa đầu cuối giống như WhatsApp và Signal. Loại mã hóa này chuyển đổi tin nhắn thành mật mã mà không cần sự trợ giúp của máy chủ ở giữa, khiến nó gần như không thể truy cập vào giao tiếp giữa hai người dùng khi không có sự đồng ý của họ.\r\n\r\nTelegram cũng đang phát triển mảng blockchain, đi kèm ứng dụng chat. Qua TON (Telegram Open Network), nền tảng hứa hẹn việc kiếm tiền từ bán hàng và thiết kế sticker trong app. Gần đây, họ còn công bố stablecoin trên hệ sinh thái.', '2024-05-31 02:43:48', '2024-06-10 07:49:23', 0),
(16, 1, 'Công ty dệt may TP.HCM sa thải hàng nghìn người vẫn chưa có đơn hàng', 'assets/uploads/1718030897kd.webp', 'Trong năm ngoái, Garmex Sài Gòn đã cắt giảm hơn 2.000 lao động và dừng hoạt động sản xuất từ tháng 5/2023. Đến nay, doanh nghiệp dệt may này vẫn chưa có đơn hàng trở lại.', 'Trong tài liệu họp Đại hội đồng cổ đông vừa được công bố, HĐQT CTCP Garmex Sài Gòn (HoSE: GMC) cho biết đến nay, công ty vẫn chưa nhận được đơn hàng nào cho ngành may (gồm may trang phục và tủ vải) và chưa giải quyết được hàng tồn kho tủ vải.\r\n\r\nThực tế, kể từ năm ngoái, ngành dệt may đã phải đối diện với nhiều thách thức do tác động của tình hình kinh tế thế giới và trong nước. Trong đó, vấn đề lạm phát ở các thị trường chủ lực như Mỹ và châu Âu đã khiến sức mua và đơn hàng sụt giảm.\r\n\r\nNhững yếu tố này đã tác động làm cho giá trị xuất khẩu ngành dệt may Việt Nam đạt khoảng 40,3 tỷ USD, giảm hơn 9% so với năm 2022, theo Hiệp hội Dệt may Việt Nam (Vitas).\r\n\r\nTrong bối cảnh đó, Garmex Sài Gòn cũng chỉ nhận được một số đơn hàng gia công nhỏ, giá cạnh tranh để duy trì hoạt động. Tuy nhiên, do năng suất thấp nên doanh thu không đủ bù đắp chi phí. Do đó, công ty đã phải cắt giảm hầu hết lao động và tạm ngưng sản xuất từ tháng 5/2023 để giảm thiểu thiệt hại.\r\n\r\nTại ngày 31/12/2023, tổng số lao động của doanh nghiệp chỉ còn 35 người, giảm 2.066 lao động so với năm 2022. Tính chung 2 năm gần nhất, doanh nghiệp này đã cắt giảm tổng cộng khoảng 3.775 lao động.\r\n\r\nDù chưa có đơn hàng trở lại, Garmex Sài Gòn vẫn lên kế hoạch kinh doanh rất tích cực với doanh thu hơn 50 tỷ đồng và lãi ròng đạt tới 40 tỷ đồng trong năm nay. Để đạt được mục tiêu này, công ty cần cải thiện mạnh mẽ lãi sau thuế, đặc biệt sau khi đã lỗ gần 85 tỷ đồng và 52 tỷ đồng trong hai năm trước.\r\n\r\nKế hoạch kinh doanh của doanh nghiệp dệt may này phụ thuộc nhiều vào hoạt động bán tài sản. Ngoài máy móc và thiết bị, công ty cũng có kế hoạch chuyển nhượng thửa đất 2,6 ha tại cụm Công nghiệp Hà Lam - Chợ Được, xã Bình Phục, huyện Thăng Bình, tỉnh Quảng Nam, thuộc quyền sử dụng, sở hữu của Công ty TNHH Garmex Quảng Nam (công ty con do Garmex sở hữu 100% vốn).\r\n\r\nBên cạnh đó, công ty cũng sẽ theo dõi, thúc đẩy CTCP Phú Mỹ hoàn thành Dự án nhà ở thương mại Phú Mỹ để bán sản phẩm nhằm thu hồi vốn đầu tư.\r\n\r\nGarmex Sài Gòn từng là doanh nghiệp lớn trong ngành dệt may ở TP.HCM với doanh thu mỗi năm lên tới hàng nghìn tỷ đồng. Công ty này có 5 nhà máy gồm An Nhơn, An Phú, Bình Tiên (TP.HCM), Tân Mỹ (Bà Rịa - Vũng Tàu) và Quảng Nam với tổng diện tích hơn 10 ha, gồm 70 dây chuyền sản xuất.', '2024-06-09 16:31:50', '2024-06-10 07:48:17', 0),
(17, 4, 'SỨC KHỎE  Cách đơn giản thanh lọc ruột tự nhiên', 'assets/uploads/1718030836sk1.webp', 'Khi được thanh lọc, đường ruột sẽ hoạt động trơn tru, loại bỏ độc tố có hại ra khỏi cơ thể hiệu quả, giúp hệ tiêu hóa khỏe mạnh hơn', 'Đường ruột là điểm cuối của hệ thống tiêu hóa giúp loại bỏ các độc tố có hại ra khỏi cơ thể. Tuy nhiên, nếu cơ quan này hoạt động kém hiệu quả, không được làm sạch thường xuyên, có thể dẫn đến nhiều hệ lụy sức khỏe không mong muốn.\r\n\r\nVì vậy, việc làm sạch đường ruột rất quan trọng. Một số cách đơn giản tự nhiên có thể thực hiện tại nhà giúp thải độc và giữ cho đường ruột luôn thông thoáng.\r\n\r\nSử dụng trà thảo dược\r\nTheo Healthshots, một tách trà thảo dược thực sự có thể giúp đảm bảo hệ tiêu hóa hoạt động trơn tru. Bạn có thể thêm một số loại thảo dược nhuận tràng như mã đề và lô hội vào nước. Những thứ này có tác dụng điều hòa hoạt động của phân và giảm táo bón.\r\n\r\nBạn cũng có thể bổ sung các loại gia vị như gừng, tỏi và ớt vào chế độ ăn uống của mình. Chúng thường chứa các hợp chất kháng khuẩn có thể chống lại vi khuẩn đường ruột.\r\n\r\nUống nước ấm\r\nĐây là cách đơn giản nhất để giữ cho đường ruột của bạn luôn sạch sẽ. Một cốc nước ấm làm tăng quá trình trao đổi chất và thải độc tố ra khỏi cơ thể. Đó là cách giải độc tự nhiên và dễ dàng nhất mà bạn có thể sử dụng để nhu động ruột hoạt động tốt hơn.\r\n\r\nTheo Mind Body Green, bắt đầu ngày mới với ít nhất một ly nước ấm trước khi ăn sáng sẽ kích thích tiêu hóa, đường ruột trơn tru để thức ăn di chuyển hiệu quả.\r\n\r\nĂn chậm\r\nTheo Healthline, nhai kỹ và ăn chậm giúp bạn lựa chọn thực phẩm tốt hơn, đồng thời cơ thể tiêu hóa hoàn toàn thức ăn và hấp thụ hết chất dinh dưỡng. Điều này sẽ giảm bớt sự khó chịu về tiêu hóa và duy trì đường ruột khỏe mạnh.\r\n\r\nGiảm căng thẳng\r\nCăng thẳng có tác động tiêu cực đến đường ruột và sức khỏe toàn cơ thể. Khi bạn bị căng thẳng, điều này có thể dẫn đến tăng quá trình viêm, tính thấm của ruột và nhu động ruột. Để giảm thiểu căng thẳng không mong muốn, bạn nên tập vài phút thiền, yoga, đi dạo, hít thở hoặc suy nghĩ tích cực để đưa bản thân trở lại trạng thái bình tĩnh.\r\n\r\nĐi ngủ sớm\r\nTheo Pubmed, giấc ngủ ngắn có thể gây mất cân bằng đường ruột. Ngủ đủ giấc, 7-9 giờ mỗi đêm, giúp cân bằng nội tiết tố, cải thiện sức khỏe thể chất và thần kinh tổng thể, đồng thời có tác động đáng kể đến mức độ căng thẳng.\r\n\r\nĐiều này sẽ giúp cơ thể bạn được nghỉ ngơi đầy đủ để thiết lập lại đường ruột. Đặc biệt, bạn nên tránh những tình huống ảnh hưởng tiêu cực sức khỏe tiêu hóa như căng thẳng hoặc ăn quá gần giờ đi ngủ.\r\n\r\nTập thể dục đều đặn\r\nLuyện tập thường xuyên giúp cải thiện các vi khuẩn khỏe mạnh trong cơ thể, giữ cho nhu động ruột của bạn đều đặn và ngăn ngừa bệnh tật đồng thời cải thiện sức khỏe tổng thể.\r\n\r\nTránh hoặc bỏ thuốc lá\r\nHút thuốc có thể gây hại cho hệ tiêu hóa và đường ruột theo nhiều cách - từ chứng ợ nóng và loét đến bệnh gan và ung thư. Nếu bạn hút thuốc, hãy cố gắng bỏ thuốc.', '2024-06-10 09:36:41', '2024-06-10 07:47:16', 0);
INSERT INTO `products` (`id`, `category_id`, `name`, `img_thumbnail`, `overview`, `content`, `created_at`, `updated_at`, `view`) VALUES
(18, 5, 'Phim \'Móng vuốt\' có Tuấn Trần, Thảo Tâm - kịch bản cũ kỹ, ngập sạn', 'assets/uploads/1718015948bai1.webp', 'Tác phẩm của Lê Thanh Sơn mất điểm vì kịch bản cũ kỹ, diễn xuất thiếu thuyết phục. Phần hình ảnh phim được đầu tư hơn song chưa thực sự ấn tượng.', 'Móng vuốt là phim Việt duy nhất ra rạp trong tháng 6, giữa thời điểm rạp chiếu bị phủ kín bởi các dự án quốc tế. Đây cũng là tác phẩm nội địa tiên phong khai thác chủ đề sinh tồn, được đạo diễn Lê Thanh Sơn ấp ủ suốt 7 năm.\r\n\r\nĐề tài này vốn không còn xa lạ với những khán giả yêu thích điện ảnh. Câu chuyện về con người giành giật mạng sống trước quái thú đã xuất hiện trong cả nghìn tác phẩm từ châu Á tới Hollywood, từng gây sốt trong giai đoạn thập niên 1990, 2000. Song thời gian gần đây, dòng phim này chẳng còn được ưa chuộng, chủ yếu vì nội dung đã quá công thức, bị gắn mác “bình mới, rượu cũ”.\r\n\r\nThế nên, việc Lê Thanh Sơn làm phim sinh tồn là một quyết định mạo hiểm. Dự án tiêu tốn 2 năm để hoàn thiện, lại phải nhiều lần dời lịch chiếu do ê-kíp muốn chỉnh trang kỹ xảo.\r\n\r\nKịch bản cũ kỹ, tẻ nhạt\r\nMóng vuốt xoay quanh buổi dã ngoại trong rừng của nhóm bạn 7 người. Chuyến đi chơi bỗng hóa trải nghiệm kinh hoàng khi họ bất ngờ đụng độ con gấu hung dữ, khát máu. Bị con vật rình rập, tấn công, cả đám bị cô lập giữa rừng sâu. Từng phương án trốn thoát được vạch ra nhưng đều lần lượt thất bại.\r\n\r\nCâu chuyện của Móng vuốt dễ làm người ta liên tưởng tới Backcountry, hay Grizzly. Chỉ có điều, kịch bản phim lại khá đơn điệu, dễ đoán, cũng chẳng có những cú plot-twist hiệu quả gây bất ngờ. Sau màn “nhà hàng” phản diện diễn ra chớp nhoáng, câu chuyện chính được mở ra, dẫn dắt khán giả theo chân nhóm bạn trên hành trình sinh tồn trước móng vuốt của con thú hung hãn.\r\n\r\n\r\nMong vuot,  Tuan Tran,  Thao Tam,  Rocker Nguyen,  Quoc Khanh anh 1\r\nNội dung Móng vuốt cũ kỹ, thiếu sáng tạo.\r\nThuộc thể loại kinh dị, hồi hộp, song bộ phim của Lê Thanh Sơn lại đan cài khá nhiều tình huống hài, đặc biệt ở hồi đầu. Tác phẩm dành một khoản thời lượng không nhỏ giới thiệu nhóm nhân vật chính gồm 7 con người với cá tính, tuổi tác có sự khác biệt, nhưng vì lý do nào đó lại cùng trên một chuyến xe dã ngoại.\r\n\r\nQua những đoạn hội thoại, tính cách và câu chuyện của từng thành viên phần nào lộ ra. Song, ngoại trừ cặp đôi Minh (Thảo Tâm) - Thắng (Tuấn Trần), những nhân vật khác khá mờ nhạt. Minh và Thắng từng yêu nhau say đắm, song chia tay và nay trở thành bạn. Cả hai vẫn còn tình cảm với đối phương, nhưng Minh còn hậm hực chuyện bị Thắng chia tay không rõ lý do nên ngoài miệng khẳng định “yêu lại người yêu cũ như ăn lại bãi ói”.\r\n\r\nNhững thành viên còn lại cũng được dành thời lượng để kể chuyện của riêng mình, tuy nhiên lại không thể khiến người xem ấn tượng và ghi nhớ. Họ lặp lại những cuộc hội thoại ồn ào và lê thê, chủ yếu xoay quanh chuyện tình yêu, sex hay sinh con đẻ cái... Những mảng miếng hài được cài cắm khá dày nhưng nhạt nhẽo, kém duyên, khó làm người xem cảm thấy bị thu hút hay quan tâm đến câu chuyện mà dàn nhân vật đang kể.\r\n\r\nMở màn kém hấp dẫn, lại lạm dụng hài khiến phim không tạo dựng được bầu không khí căng thẳng khi hiểm họa ập tới. Những màn gào thét, cãi vã thiếu tự nhiên, lại quá ồn ào khiến người xem ức chế. Nhiều cảnh phim cần sự cao trào rốt cuộc lại trở nên ngớ ngẩn vì những lời nói và hành động pha trò nhí nhố của nhân vật.\r\n\r\nThế nên, yếu tố hồi hộp, kịch tính then chốt của dòng phim sinh tồn không hiện rõ trong Móng vuốt. Có chăng chỉ là những tình huống đẩy cao trào gượng gạo và nặng tính sắp đặt. Một số cảnh hành xác, máu me xuất hiện, tuy nhiên lại lạc quẻ, cũng chẳng mấy ấn tượng.', '2024-06-10 09:38:46', '2024-06-10 03:39:08', 0);

-- --------------------------------------------------------

--
-- Table structure for table `users`
--

CREATE TABLE `users` (
  `id` int NOT NULL,
  `name` varchar(255) NOT NULL,
  `avatar` varchar(255) DEFAULT NULL,
  `email` varchar(255) NOT NULL,
  `password` varchar(255) NOT NULL,
  `type` enum('admin','member') NOT NULL DEFAULT 'member',
  `created_at` timestamp NULL DEFAULT CURRENT_TIMESTAMP,
  `updated_at` timestamp NULL DEFAULT CURRENT_TIMESTAMP
) ENGINE=InnoDB DEFAULT CHARSET=utf8mb4 COLLATE=utf8mb4_0900_ai_ci;

--
-- Dumping data for table `users`
--

INSERT INTO `users` (`id`, `name`, `avatar`, `email`, `password`, `type`, `created_at`, `updated_at`) VALUES
(94, 'Nguyễn Văn D', 'assets/uploads/1717950307baimoi.jpg', 'a90@gmail.com', '$2y$10$p75CAeWNt3LspQcXtpFYPeTkJUnZgROCE55sBxAzPJ/BvMfdJc6fW', 'member', '2024-05-30 13:49:01', '2024-05-30 13:49:01'),
(106, 'Vũ', 'assets/uploads/1717983806anhdeptrai.jpg', 'vu332210@gmail.com', '123456', 'admin', '2024-06-06 08:36:28', '2024-06-06 08:36:28'),
(108, 'Vu Nguyen', 'assets/uploads/1718016586anhleonui.jpg', 'vu10000@gmail.com', '$2y$10$YkEZXWaJbVLgyvfTdepvNObPVZM7rM3aoYxJtqqXmuUQx.w24wblG', 'admin', '2024-06-10 10:49:46', '2024-06-10 10:49:46'),
(111, 'Vu Nguyen', 'assets/uploads/1718024206d3.png', 'vu2210@gmail.com', '$2y$10$sEXSJAUmSz/jzJNDQnxOOeuXs6QEzyxU0e2R.PFZUF8fPT6eSp5ZO', 'member', '2024-06-10 12:56:46', '2024-06-10 12:56:46'),
(112, 'Nam', 'assets/uploads/1718024271anh1.jpg', 'vu34410@gmail.com', '$2y$10$/xeWX0jaIs90CNSYUNkxfezl2.9JKCPQWoCM4BF8K3mYP2AsCnLVy', 'admin', '2024-06-10 12:57:51', '2024-06-10 12:57:51');

--
-- Indexes for dumped tables
--

--
-- Indexes for table `categories`
--
ALTER TABLE `categories`
  ADD PRIMARY KEY (`id`),
  ADD UNIQUE KEY `name` (`name`);

--
-- Indexes for table `products`
--
ALTER TABLE `products`
  ADD PRIMARY KEY (`id`),
  ADD KEY `category_id` (`category_id`);

--
-- Indexes for table `users`
--
ALTER TABLE `users`
  ADD PRIMARY KEY (`id`),
  ADD UNIQUE KEY `email` (`email`);

--
-- AUTO_INCREMENT for dumped tables
--

--
-- AUTO_INCREMENT for table `categories`
--
ALTER TABLE `categories`
  MODIFY `id` int NOT NULL AUTO_INCREMENT, AUTO_INCREMENT=7;

--
-- AUTO_INCREMENT for table `products`
--
ALTER TABLE `products`
  MODIFY `id` int NOT NULL AUTO_INCREMENT, AUTO_INCREMENT=19;

--
-- AUTO_INCREMENT for table `users`
--
ALTER TABLE `users`
  MODIFY `id` int NOT NULL AUTO_INCREMENT, AUTO_INCREMENT=113;

--
-- Constraints for dumped tables
--

--
-- Constraints for table `products`
--
ALTER TABLE `products`
  ADD CONSTRAINT `products_ibfk_1` FOREIGN KEY (`category_id`) REFERENCES `categories` (`id`) ON DELETE RESTRICT ON UPDATE RESTRICT;
COMMIT;

/*!40101 SET CHARACTER_SET_CLIENT=@OLD_CHARACTER_SET_CLIENT */;
/*!40101 SET CHARACTER_SET_RESULTS=@OLD_CHARACTER_SET_RESULTS */;
/*!40101 SET COLLATION_CONNECTION=@OLD_COLLATION_CONNECTION */;
